original_description,category,category_label,confidence,reasoning,matched_keywords,amount,vendor,classification_method,validation_warning,timestamp,error
Concrete mixer rental for Parque Heredia foundation work - 3 days,tools_equipment,Tools & Equipment,0.95,"The description indicates a rental of a concrete mixer, which is a piece of equipment used for construction work. This falls under the tools_equipment category as it is reusable machinery.","Concrete mixer, rental, equipment",450000.0,ALUTEMP SAS,ai_with_keyword_validation,,2025-08-04T16:38:50.192841,False
Hydraulic cement Portland Type I - 50kg bags x 30 units,consumable_materials,Consumable Materials,0.95,"The item is hydraulic cement, which is a material that is consumed during construction. It fits the definition of consumable materials as it is used up in the construction process.","Hydraulic cement, Portland Type I, 50kg bags",780000.0,CEMEX Colombia,ai_with_keyword_validation,,2025-08-04T16:38:52.188051,False
Steel reinforcement bars #4 (12mm) - 200 meters,consumable_materials,Consumable Materials,0.95,"Steel reinforcement bars are typically used up during construction, making them consumable materials. They are essential for structural integrity but are not reusable once installed.","Steel reinforcement bars, consumed, construction",1250000.0,Aceros del Norte,ai_with_keyword_validation,,2025-08-04T16:38:54.532826,False
Construction labor - Mason and helpers 8 hours/day x 5 days,labor,Labor,0.95,"The line item describes construction labor, specifically for masons and helpers, which directly relates to human resources and professional services required for the project.","Construction labor, Mason, helpers",2800000.0,Constructora Heredia,ai_with_keyword_validation,,2025-08-04T16:38:57.018712,False
Professional engineering consultation - structural analysis,labor,Labor,0.95,"The line item describes a professional engineering consultation service, which falls under human resources and professional services, thus classified as labor.","engineering, consultation, professional, services",1500000.0,Ingeniería Especializada SAS,ai_with_keyword_validation,,2025-08-04T16:38:58.795103,False
Heavy duty impact drill set - Makita professional series,tools_equipment,Tools & Equipment,0.95,"The item is a heavy-duty impact drill set, which is classified as tools and equipment used for construction work. It is reusable and not consumed during the project.","heavy duty impact drill set, tools, equipment",850000.0,Ferretería El Constructor,ai_with_keyword_validation,,2025-08-04T16:39:01.040027,False
Excavator rental CAT 320D - 2 days for foundation excavation,tools_equipment,Tools & Equipment,0.95,"The line item describes the rental of an excavator, which is a piece of machinery used for construction work. This fits the tools_equipment category as it is reusable equipment.","Excavator, rental, machinery",2400000.0,Maquinaria y Equipos Ltda,ai_with_keyword_validation,,2025-08-04T16:39:03.761322,False
Fine sand for concrete mix - 10 cubic meters delivered,consumable_materials,Consumable Materials,0.95,"The line item describes fine sand, which is a material that is used up during construction, specifically for a concrete mix. This aligns with the definition of consumable materials.","fine sand, concrete mix, delivered",650000.0,Agregados del Valle,ai_with_keyword_validation,,2025-08-04T16:39:07.307273,False
"Safety equipment - helmets, harnesses, boots for 10 workers",non_consumable_materials,Non-Consumable Materials,0.95,"The safety equipment described (helmets, harnesses, boots) is durable and reusable, making it fit the non_consumable_materials category. These items are essential for worker safety and are not consumed during the project.","safety equipment, helmets, harnesses, boots",950000.0,Seguridad Industrial Colombia,ai_with_keyword_validation,,2025-08-04T16:39:10.060002,False
Electrical installation materials - copper wire 12 AWG x 500m,consumable_materials,Consumable Materials,0.95,"The item described is copper wire, which is typically used up during electrical installations, making it a consumable material.","Electrical installation materials, copper wire",1100000.0,Eléctricos Bogotá,ai_with_keyword_validation,,2025-08-04T16:39:12.348038,False
